{
	"Boronto":[
		-80.40917968749999,
		44.77109381775648
	],
	"Bontreal":
	[
		-74.6083984375,
		46.583289756006316
	]
}
	