{
	"Toronto":[
		-80,
		43.77109381775648
	],
	"Montreal":
	[
		-74,
		45.583289756006316
	]
}
	